-- phpMyAdmin SQL Dump
-- version 4.9.7
-- https://www.phpmyadmin.net/
--
-- Host: localhost:3306
-- Generation Time: Jun 10, 2022 at 07:11 PM
-- Server version: 10.5.15-MariaDB-cll-lve
-- PHP Version: 7.4.29

SET SQL_MODE = "NO_AUTO_VALUE_ON_ZERO";
SET AUTOCOMMIT = 0;
START TRANSACTION;
SET time_zone = "+00:00";


/*!40101 SET @OLD_CHARACTER_SET_CLIENT=@@CHARACTER_SET_CLIENT */;
/*!40101 SET @OLD_CHARACTER_SET_RESULTS=@@CHARACTER_SET_RESULTS */;
/*!40101 SET @OLD_COLLATION_CONNECTION=@@COLLATION_CONNECTION */;
/*!40101 SET NAMES utf8mb4 */;

--
-- Database: `telezecaremd_teleze`
--

-- --------------------------------------------------------

--
-- Table structure for table `ci_sessions`
--

CREATE TABLE `ci_sessions` (
  `id` varchar(40) COLLATE utf8mb4_unicode_520_ci NOT NULL,
  `ip_address` varchar(45) COLLATE utf8mb4_unicode_520_ci NOT NULL,
  `timestamp` int(10) UNSIGNED NOT NULL DEFAULT 0,
  `data` blob NOT NULL
) ENGINE=InnoDB DEFAULT CHARSET=utf8mb4 COLLATE=utf8mb4_unicode_520_ci;

--
-- Dumping data for table `ci_sessions`
--

INSERT INTO `ci_sessions` (`id`, `ip_address`, `timestamp`, `data`) VALUES
('bedc3cfeceb58ab6ad7bed58070310a15c484865', '1.187.90.197', 1654095823, 0x5f5f63695f6c6173745f726567656e65726174657c693a313635343039353832333b),
('90130b4ec35426ac034ed98821fa06cd9c8c7e7f', '1.187.90.197', 1654095072, 0x5f5f63695f6c6173745f726567656e65726174657c693a313635343039353037323b),
('5ec3841ad4116ce0c95feda446ea8b2dc235d198', '1.187.90.197', 1654095155, 0x5f5f63695f6c6173745f726567656e65726174657c693a313635343039353135353b),
('d72a2c60919c049acd6d82dc1cc7bb42f4798870', '1.187.90.197', 1654095806, 0x5f5f63695f6c6173745f726567656e65726174657c693a313635343039353830363b),
('43b68796593534451120f85d8a37c5e92fef5238', '1.187.90.197', 1654102129, 0x5f5f63695f6c6173745f726567656e65726174657c693a313635343130323132393b),
('429d0bf2c157f8276cfa8a73d71633076ddb9627', '27.97.45.167', 1654095992, 0x5f5f63695f6c6173745f726567656e65726174657c693a313635343039353939323b),
('443f9032689ac2f7b9858dc23bd8ddaff0bb520e', '1.187.90.197', 1654095998, 0x5f5f63695f6c6173745f726567656e65726174657c693a313635343039353939383b),
('fe3f5ea60b4c0ab9e8621d857a6a060ca52f61fc', '49.15.183.122', 1654096032, 0x5f5f63695f6c6173745f726567656e65726174657c693a313635343039363033323b),
('7bcb67ff27e8d1db5b10ac83c5f7c318d5dd6ee1', '1.187.90.197', 1654096034, 0x5f5f63695f6c6173745f726567656e65726174657c693a313635343039363033343b),
('d523b2d0044c6758dee3ac26f0cdecf720c25dd0', '49.15.186.90', 1654096046, 0x5f5f63695f6c6173745f726567656e65726174657c693a313635343039363034363b),
('1a4494196157923df7c5f9eeca3518631f6dd790', '1.187.90.197', 1654096047, 0x5f5f63695f6c6173745f726567656e65726174657c693a313635343039363034373b),
('15db36489611a7bce85e148a7d5c04e4c37dff12', '106.79.232.0', 1654096074, 0x5f5f63695f6c6173745f726567656e65726174657c693a313635343039363037343b),
('5bf0c04377fd625ff82d6acc8a1404b46a238af4', '1.187.90.197', 1654096076, 0x5f5f63695f6c6173745f726567656e65726174657c693a313635343039363037363b),
('24621dd7b6af3943af9e152aa12c3b5f338b1d6b', '49.15.167.175', 1654096393, 0x5f5f63695f6c6173745f726567656e65726174657c693a313635343039363339333b),
('0956c817f615b81bd5b3ba677d3facc79bd47ca0', '1.187.90.197', 1654096394, 0x5f5f63695f6c6173745f726567656e65726174657c693a313635343039363339343b),
('6ed5da153fb472b2607d2ab5507267890ef1260c', '27.97.64.246', 1654096361, 0x5f5f63695f6c6173745f726567656e65726174657c693a313635343039363230373b),
('52235aee572ea242f30510b5f2df33008a583490', '1.187.90.197', 1654096364, 0x5f5f63695f6c6173745f726567656e65726174657c693a313635343039363230393b),
('e3e2d898bffc6d2ba81a85b941b7bf982d5c5063', '1.187.90.197', 1654096257, 0x5f5f63695f6c6173745f726567656e65726174657c693a313635343039363235373b),
('fb9bf933378211512d152135dfc4ed5dc3ae8a8a', '49.15.171.0', 1654098322, 0x5f5f63695f6c6173745f726567656e65726174657c693a313635343039383332323b),
('00799e78398dcb95f91ef03aac7a7baa4340f2d0', '1.187.90.197', 1654098324, 0x5f5f63695f6c6173745f726567656e65726174657c693a313635343039383332343b),
('16266d16c571e9648f92f1dead90a12ac536cbff', '47.247.205.203', 1654096461, 0x5f5f63695f6c6173745f726567656e65726174657c693a313635343039363436313b),
('24edb9ed2795bbb13680e7afbe201ba458196d37', '157.34.116.197', 1654096486, 0x5f5f63695f6c6173745f726567656e65726174657c693a313635343039363438363b),
('072095a723268d27e0a6ba614ee476224c283c77', '157.34.116.197', 1654096488, 0x5f5f63695f6c6173745f726567656e65726174657c693a313635343039363438383b),
('0fee28efc803fb0b4508de7b2b2ee60e78cb4a4e', '157.34.5.192', 1654098338, 0x5f5f63695f6c6173745f726567656e65726174657c693a313635343039383332323b),
('2e04e0e69f91dcd254966a6bd0faf9adbbcd158f', '157.34.5.192', 1654103044, 0x5f5f63695f6c6173745f726567656e65726174657c693a313635343130333034343b),
('1f07e01a6b89ce751770b7b74505cdc4c17ea032', '157.34.116.197', 1654100714, 0x5f5f63695f6c6173745f726567656e65726174657c693a313635343130303731343b),
('3ba75efc3ac8df320537628e07419a815b156dd9', '45.87.9.15', 1654100069, 0x5f5f63695f6c6173745f726567656e65726174657c693a313635343130303036393b),
('d9766391f5ca0a19079a1d084ac5b264b7716185', '54.232.5.43', 1654100069, 0x5f5f63695f6c6173745f726567656e65726174657c693a313635343130303036393b),
('106117f763c6eb00544da17692b1c2c0ea6d6283', '44.204.148.158', 1654100097, 0x5f5f63695f6c6173745f726567656e65726174657c693a313635343130303039373b),
('3cf6384c7da1924192020db6893d64135a60f171', '44.204.148.158', 1654100125, 0x5f5f63695f6c6173745f726567656e65726174657c693a313635343130303132353b),
('5e03558992a45caa170b7632c7ebd020be8d99ce', '54.91.238.204', 1654100154, 0x5f5f63695f6c6173745f726567656e65726174657c693a313635343130303135343b),
('8f0cd8c8e59a9fdb66056763adcd5d236ded2284', '3.235.137.201', 1654100164, 0x5f5f63695f6c6173745f726567656e65726174657c693a313635343130303136343b),
('f2fb1e04841e94cefc93330672189dacb8598d4e', '106.66.21.38', 1654100694, 0x5f5f63695f6c6173745f726567656e65726174657c693a313635343130303639343b),
('7952c31b26c10353ccf259ab7f0d05b10aa05934', '106.66.21.38', 1654100695, 0x5f5f63695f6c6173745f726567656e65726174657c693a313635343130303639353b),
('d32e1ba8da9aebd50f6502d315a66cc8ee52b138', '157.34.70.192', 1654100712, 0x5f5f63695f6c6173745f726567656e65726174657c693a313635343130303731323b),
('d6ecd4979cc47bafdb0c17b0b1ce87248ddaecd5', '157.34.70.192', 1654100714, 0x5f5f63695f6c6173745f726567656e65726174657c693a313635343130303731343b),
('c8920c91b80e1bd1de86d788f55a82170183784c', '106.66.21.38', 1654101155, 0x5f5f63695f6c6173745f726567656e65726174657c693a313635343130313135353b),
('5fc0ec12260c1be31df94a6c83f078fdbc419de4', '106.66.19.60', 1654101158, 0x5f5f63695f6c6173745f726567656e65726174657c693a313635343130313135383b),
('1d48a4e635cf5198e39c05bbaaf6a141b583efd6', '106.66.19.60', 1654102143, 0x5f5f63695f6c6173745f726567656e65726174657c693a313635343130323132393b),
('7c29ca2e38891af88c108329a5ebfa35dfee6834', '106.66.22.39', 1654102193, 0x5f5f63695f6c6173745f726567656e65726174657c693a313635343130323139333b),
('85784733b82ca960a4e21ab420db11ab991a4d69', '106.66.19.60', 1654102196, 0x5f5f63695f6c6173745f726567656e65726174657c693a313635343130323139363b),
('c24fe104973c89f598128100e668d17245a6dc0c', '106.66.19.60', 1654103047, 0x5f5f63695f6c6173745f726567656e65726174657c693a313635343130333034343b),
('3b62e7999f7701ad1e15198c368eb23446243346', '68.36.194.212', 1654103180, 0x5f5f63695f6c6173745f726567656e65726174657c693a313635343130333138303b),
('608af07e0753107ac868d77aeed480661dcb63ab', '47.247.202.101', 1654103211, 0x5f5f63695f6c6173745f726567656e65726174657c693a313635343130333231313b),
('fc0e62b80e77fbd913c7ddabc599b3edbe7cff13', '47.247.202.101', 1654103214, 0x5f5f63695f6c6173745f726567656e65726174657c693a313635343130333231343b),
('0e0204438681dbe49686c6296cad3edeacc7b6bb', '47.247.202.101', 1654103251, 0x5f5f63695f6c6173745f726567656e65726174657c693a313635343130333235313b),
('fc54f327ae771009559c4a7ac5b865105156d4d9', '47.247.202.101', 1654103253, 0x5f5f63695f6c6173745f726567656e65726174657c693a313635343130333235333b),
('edc2b772c46a3ff72dc962009cc76f443c4e61e4', '47.247.202.101', 1654103255, 0x5f5f63695f6c6173745f726567656e65726174657c693a313635343130333235353b),
('c0e9e9801f5ea5d4132090e75f3ad2967ec7a43b', '47.247.202.101', 1654103257, 0x5f5f63695f6c6173745f726567656e65726174657c693a313635343130333235373b),
('bf270dfeb7363b07bd07136ac82039ef82035038', '45.87.9.190', 1654108074, 0x5f5f63695f6c6173745f726567656e65726174657c693a313635343130383037343b),
('fc5114bfd9a6d4d2ebde0d1f84d05ca229f1a5d9', '45.87.9.158', 1654108074, 0x5f5f63695f6c6173745f726567656e65726174657c693a313635343130383037343b),
('cfe7f1b7b317ab63e2f05fd7bf3456b12df3596b', '45.87.9.190', 1654108075, 0x5f5f63695f6c6173745f726567656e65726174657c693a313635343130383037353b),
('fcfdf5d3342ca2901c66b10ed9d6a7ea19971188', '45.87.9.124', 1654108076, 0x5f5f63695f6c6173745f726567656e65726174657c693a313635343130383037363b),
('ab3d497575a262836658c917ea5d69991958fef1', '77.111.245.13', 1654109026, 0x5f5f63695f6c6173745f726567656e65726174657c693a313635343130393030383b),
('b9c03b288f584a8b8992e4b11ad801b8d919e40d', '18.230.192.1', 1654117798, 0x5f5f63695f6c6173745f726567656e65726174657c693a313635343131373739383b),
('e8801bb059191b5e3f1528374eed42939ff90756', '18.231.136.214', 1654117798, 0x5f5f63695f6c6173745f726567656e65726174657c693a313635343131373739383b),
('d007d1a00087dd2966847c496f587335b7f3ca05', '45.87.9.126', 1654124684, 0x5f5f63695f6c6173745f726567656e65726174657c693a313635343132343638343b),
('86a4cceaec1fc41449b10878c8a9b291c7d8f19f', '18.231.145.244', 1654124684, 0x5f5f63695f6c6173745f726567656e65726174657c693a313635343132343638343b),
('6dc4e4a8a8c3611902e4d353dfe6e052cf2f6154', '15.228.47.16', 1654136276, 0x5f5f63695f6c6173745f726567656e65726174657c693a313635343133363237363b),
('5c5439db74d4f4f13454323386be781fa6e9ddd9', '18.231.128.228', 1654136276, 0x5f5f63695f6c6173745f726567656e65726174657c693a313635343133363237363b),
('20f80f4a3fa0aaf547c53dccbad08f4db8f655e7', '45.87.9.94', 1654142781, 0x5f5f63695f6c6173745f726567656e65726174657c693a313635343134323738313b),
('03f4c06d80ebc9ae12c9a97a17f41e278fc9b602', '157.34.70.192', 1654145058, 0x5f5f63695f6c6173745f726567656e65726174657c693a313635343134353035383b),
('c39467217f168ef66d641b41b863d0c98a0f3311', '122.162.145.149', 1654147173, 0x5f5f63695f6c6173745f726567656e65726174657c693a313635343134373137333b),
('6a4c2fa0b09005a944c3636e43bcff8d86b5a589', '122.162.145.149', 1654147208, 0x5f5f63695f6c6173745f726567656e65726174657c693a313635343134373230383b),
('7ff7745750de2cf358014c39ea0e11714b084319', '122.162.145.149', 1654147215, 0x5f5f63695f6c6173745f726567656e65726174657c693a313635343134373231353b),
('bcacb23440e4fa86ecc8eec4cd9248b2bd356115', '122.162.145.149', 1654147258, 0x5f5f63695f6c6173745f726567656e65726174657c693a313635343134373235383b),
('9d0db76718f077326c406b8a74ebb0579d5fb588', '47.247.211.125', 1654148207, 0x5f5f63695f6c6173745f726567656e65726174657c693a313635343134383230373b),
('dd0fd5adbd8d5fa3b2021d4396b095aaf03512d9', '45.87.9.45', 1654154280, 0x5f5f63695f6c6173745f726567656e65726174657c693a313635343135343238303b),
('739e7dca2ce20aaaa27bd7f7ea827eb1fc8e25e6', '15.229.19.232', 1654154298, 0x5f5f63695f6c6173745f726567656e65726174657c693a313635343135343239383b),
('f50814fcfbc12887c9133602877809794a9b2cff', '45.87.9.62', 1654154299, 0x5f5f63695f6c6173745f726567656e65726174657c693a313635343135343239393b),
('1964473f36a8577e8289e90e43ecbe9a4f199325', '157.34.30.45', 1654156695, 0x5f5f63695f6c6173745f726567656e65726174657c693a313635343135363639353b),
('235aa2770c1b1a13bda0d878fb51dc2e4f05b2f2', '157.34.30.45', 1654156697, 0x5f5f63695f6c6173745f726567656e65726174657c693a313635343135363639373b),
('17257e0ab4467224f6454b878da2852b504c0d8d', '45.87.9.13', 1654161077, 0x5f5f63695f6c6173745f726567656e65726174657c693a313635343136313037373b),
('9eeecbf17f5bef8d335977c8699f2de49d28bbd2', '45.87.9.252', 1654161086, 0x5f5f63695f6c6173745f726567656e65726174657c693a313635343136313038363b),
('48c52539842466b413ce0c232f21aec68fcad76a', '45.87.9.175', 1654161231, 0x5f5f63695f6c6173745f726567656e65726174657c693a313635343136313233313b),
('6ebb5607d3bf674af70ce769b86139f8cc39fce8', '77.111.244.50', 1654163151, 0x5f5f63695f6c6173745f726567656e65726174657c693a313635343136333135313b),
('95c32b8d8b5a236af8805e0becba566ff9696ea3', '77.111.244.50', 1654163155, 0x5f5f63695f6c6173745f726567656e65726174657c693a313635343136333135353b),
('d5ade32ec8be3c6d09e3bb86276a9676651c9323', '45.87.9.237', 1654171460, 0x5f5f63695f6c6173745f726567656e65726174657c693a313635343137313436303b),
('2934504b92586732902a8309f7384484b4940d1e', '45.87.9.220', 1654171468, 0x5f5f63695f6c6173745f726567656e65726174657c693a313635343137313436383b),
('2146a9870b5b97f2b4e2123a1fde63f1a7a7716a', '45.87.9.205', 1654182582, 0x5f5f63695f6c6173745f726567656e65726174657c693a313635343138323538323b),
('5af90c86ccb5c9bd844cf611db39e196f5f52b60', '15.229.19.232', 1654182591, 0x5f5f63695f6c6173745f726567656e65726174657c693a313635343138323539313b),
('a3865b7f97ea029d8abd5947901d44fa4b834149', '45.87.9.205', 1654190400, 0x5f5f63695f6c6173745f726567656e65726174657c693a313635343139303430303b),
('aed41e3d68b8758b00b24186899d949e3d40f0ca', '15.228.169.179', 1654190426, 0x5f5f63695f6c6173745f726567656e65726174657c693a313635343139303432363b),
('54e1709fcacb1c6e00ebb6b6881386d6c5fb4fc1', '45.87.9.239', 1654190459, 0x5f5f63695f6c6173745f726567656e65726174657c693a313635343139303435393b),
('d0a6f56ae5c8dc5a3ee796ba100854886b222e8e', '45.87.9.109', 1654201170, 0x5f5f63695f6c6173745f726567656e65726174657c693a313635343230313137303b),
('d28b4876a231ab4ff4c8f0060b5fad1c4efe8b5a', '45.87.9.143', 1654201183, 0x5f5f63695f6c6173745f726567656e65726174657c693a313635343230313138333b),
('ac30fb06aaa03f28f77a6b534be67758200dbdb1', '45.87.9.207', 1654211432, 0x5f5f63695f6c6173745f726567656e65726174657c693a313635343231313433323b),
('e6cf72c126ce5ba36c16595fe1e3b9aee1d7da10', '45.87.9.28', 1654211461, 0x5f5f63695f6c6173745f726567656e65726174657c693a313635343231313436313b),
('ce0096d63dceacb31a0809ee3b3810ab3196e49d', '45.87.9.222', 1654219156, 0x5f5f63695f6c6173745f726567656e65726174657c693a313635343231393135363b),
('65ae9e1a241bc34dcc647a63f695532317f95945', '45.87.9.109', 1654219166, 0x5f5f63695f6c6173745f726567656e65726174657c693a313635343231393136363b),
('7e8ea15d966a5131ea65d18cab91ea06a9560821', '45.87.9.45', 1654229080, 0x5f5f63695f6c6173745f726567656e65726174657c693a313635343232393038303b),
('28c44cbca7670ea17f7b74fbf3a1faa461e7db42', '45.87.9.45', 1654229085, 0x5f5f63695f6c6173745f726567656e65726174657c693a313635343232393038353b),
('630852d79c8b3f2b83394279cadaa77095d1345c', '45.87.9.94', 1654240916, 0x5f5f63695f6c6173745f726567656e65726174657c693a313635343234303931363b),
('2aa42ec2513c6a7ef6a86a2a0cbfe4a4a0169e53', '15.228.156.8', 1654240929, 0x5f5f63695f6c6173745f726567656e65726174657c693a313635343234303932393b),
('7484be180d55163e6daf3614c713ae79d211b7e0', '18.228.224.84', 1654250676, 0x5f5f63695f6c6173745f726567656e65726174657c693a313635343235303637363b),
('a620480d40c97c859ca46c7f4f4a0bcfa4696d55', '45.87.9.254', 1654250680, 0x5f5f63695f6c6173745f726567656e65726174657c693a313635343235303638303b),
('e5d97626cdfbd1166c323e44a3cc05bd4fd3a0ac', '45.87.9.252', 1654262097, 0x5f5f63695f6c6173745f726567656e65726174657c693a313635343236323039373b),
('d109248ca1af2e30d61e7c55e7e9de9358949448', '45.87.9.239', 1654262112, 0x5f5f63695f6c6173745f726567656e65726174657c693a313635343236323131323b),
('072e59457d45a5ce6419f00ddb98febb1336471b', '45.87.9.92', 1654268743, 0x5f5f63695f6c6173745f726567656e65726174657c693a313635343236383734333b),
('59695c0e3f74c03685bf068757ca2b54ce281668', '15.228.168.17', 1654268746, 0x5f5f63695f6c6173745f726567656e65726174657c693a313635343236383734363b),
('2526e80f4e84b3e6e63883e1c6e1cc0ccd493caa', '45.87.9.60', 1654276710, 0x5f5f63695f6c6173745f726567656e65726174657c693a313635343237363731303b),
('e0fb2622ca74a6ad63e26257284f2953b6b95cd0', '45.87.9.109', 1654276710, 0x5f5f63695f6c6173745f726567656e65726174657c693a313635343237363731303b),
('62d885742d984eadc2d03790b1387d9a1e947d8d', '18.230.187.105', 1654286750, 0x5f5f63695f6c6173745f726567656e65726174657c693a313635343238363735303b),
('268837d621ea57fc686fcc824e2c8dbde54700f9', '15.228.15.92', 1654286750, 0x5f5f63695f6c6173745f726567656e65726174657c693a313635343238363735303b),
('943eec4533cab4781b7b4f2bbd54c6772b9f7415', '45.87.9.220', 1654294767, 0x5f5f63695f6c6173745f726567656e65726174657c693a313635343239343736373b),
('2f499592b9e83328687bd8a4e05dffe4dfa8d6bf', '45.87.9.60', 1654294767, 0x5f5f63695f6c6173745f726567656e65726174657c693a313635343239343736373b),
('8f9afbcf6ecc902070ffed70fbea175a6d0fe9a0', '45.87.9.13', 1654305254, 0x5f5f63695f6c6173745f726567656e65726174657c693a313635343330353235343b),
('6fb840d7fba61d01f2b6fb07f2174bbd2f047efd', '45.87.9.94', 1654305254, 0x5f5f63695f6c6173745f726567656e65726174657c693a313635343330353235343b),
('ab7c13e215e3f0228a41a28fc55ea1c9389da741', '45.87.9.92', 1654315423, 0x5f5f63695f6c6173745f726567656e65726174657c693a313635343331353432333b),
('e779d8fcef088699c3a6294d5bbe52247c39cd69', '45.87.9.28', 1654315423, 0x5f5f63695f6c6173745f726567656e65726174657c693a313635343331353432333b),
('dc6f6da4dbe84f69a021489d377246b5460fca84', '45.87.9.220', 1654326598, 0x5f5f63695f6c6173745f726567656e65726174657c693a313635343332363539383b),
('1332aefef98ed9dada1bbc76507e788be6d51510', '15.229.43.130', 1654326598, 0x5f5f63695f6c6173745f726567656e65726174657c693a313635343332363539383b),
('92221cad7762daa27964fd386949a3f462364e22', '45.87.9.252', 1654337650, 0x5f5f63695f6c6173745f726567656e65726174657c693a313635343333373635303b),
('104309ff25502d149d8638de08807631bd04e513', '18.231.165.247', 1654337650, 0x5f5f63695f6c6173745f726567656e65726174657c693a313635343333373635303b),
('282ddb81e8a136d0459307b75e5c0bf7ee6c845a', '45.87.9.111', 1654347897, 0x5f5f63695f6c6173745f726567656e65726174657c693a313635343334373839373b),
('77cc9cde82e7e46c71f57be950e4bccfcd0907ec', '45.87.9.13', 1654347897, 0x5f5f63695f6c6173745f726567656e65726174657c693a313635343334373839373b),
('bf4d2274398be0a563f8bcd6c0fee77814a5e0c6', '45.87.9.92', 1654355562, 0x5f5f63695f6c6173745f726567656e65726174657c693a313635343335353536323b),
('261909533bba87f3da2e112989ff7cfbfe8137e3', '18.230.106.147', 1654358564, 0x5f5f63695f6c6173745f726567656e65726174657c693a313635343335383536343b),
('fe6c8626c6116addadebf9c6200d936002aba7b7', '45.87.9.141', 1654366583, 0x5f5f63695f6c6173745f726567656e65726174657c693a313635343336363538333b),
('4f4771bf159f5cc34740aef19704e16d1c26850f', '45.87.9.92', 1654366629, 0x5f5f63695f6c6173745f726567656e65726174657c693a313635343336363632393b),
('d745e9854be64ea95f1832750e587e3bc7ea0e9f', '45.87.9.13', 1654376815, 0x5f5f63695f6c6173745f726567656e65726174657c693a313635343337363831353b),
('0db893abcf89d8ada6b19f9419c3021c4e784052', '45.87.9.239', 1654376829, 0x5f5f63695f6c6173745f726567656e65726174657c693a313635343337363832393b),
('96e1b51bab11e385ff8ce7a7a35d7cb52026fd9a', '139.178.130.15', 1654380379, 0x5f5f63695f6c6173745f726567656e65726174657c693a313635343338303337393b),
('f9f8c4b223378c4c57fe105231ff47cbc785ba3e', '45.87.9.173', 1654388388, 0x5f5f63695f6c6173745f726567656e65726174657c693a313635343338383338383b),
('097ee2e3373ed7d47584801de55d4f74fb43f261', '45.87.9.220', 1654388396, 0x5f5f63695f6c6173745f726567656e65726174657c693a313635343338383339363b),
('916c7ab2c9975df37d860f89706b3290336c8d88', '151.106.120.184', 1654396631, 0x5f5f63695f6c6173745f726567656e65726174657c693a313635343339363633313b),
('771d6fe7bccab7b1c1a04171e80d9c338336f1ca', '151.106.120.184', 1654396631, 0x5f5f63695f6c6173745f726567656e65726174657c693a313635343339363633313b),
('c6978245d0feb2bfd7f8e88420677b0213fc351a', '151.106.120.184', 1654396631, 0x5f5f63695f6c6173745f726567656e65726174657c693a313635343339363633313b),
('b65c1130ba16cdec5594b1e8dbf48dbc3f435be2', '151.106.120.184', 1654396631, 0x5f5f63695f6c6173745f726567656e65726174657c693a313635343339363633313b),
('cdd7474c9e951ae381fe09b1e9b0ba7382fb6be4', '45.87.9.28', 1654398274, 0x5f5f63695f6c6173745f726567656e65726174657c693a313635343339383237343b),
('21b56a735adc1de35ed3b07e7d6d7c8ff56004a4', '18.231.165.247', 1654398280, 0x5f5f63695f6c6173745f726567656e65726174657c693a313635343339383238303b),
('46cd07f179f84b7d038a8b9a5cc84e7d28d6211a', '45.87.9.111', 1654410049, 0x5f5f63695f6c6173745f726567656e65726174657c693a313635343431303034383b),
('b1bd64f7e0f26ea16b4e583bea8ca1c735a360fe', '45.87.9.207', 1654410072, 0x5f5f63695f6c6173745f726567656e65726174657c693a313635343431303037323b),
('24a8abd9059e67d0eeb0af3df980620482a1c13c', '15.228.54.146', 1654420459, 0x5f5f63695f6c6173745f726567656e65726174657c693a313635343432303435383b),
('bfdc7dc13b0a30f54570173486d6ce63c34c4cfe', '45.87.9.62', 1654420460, 0x5f5f63695f6c6173745f726567656e65726174657c693a313635343432303436303b),
('8136439a3dca8840b1758e6c6dd260c50b10570b', '15.228.18.48', 1654420462, 0x5f5f63695f6c6173745f726567656e65726174657c693a313635343432303436323b),
('0e5e423d3a0e17af9a747025d283f07bbdbac328', '45.87.9.62', 1654430716, 0x5f5f63695f6c6173745f726567656e65726174657c693a313635343433303731363b),
('6950c98e2e1cbd96c82878be183b9d2ea91322c8', '45.87.9.190', 1654430720, 0x5f5f63695f6c6173745f726567656e65726174657c693a313635343433303732303b),
('8982a70c8fbe786a184c4b1a4e7d502d5cb231e0', '45.87.9.30', 1654441907, 0x5f5f63695f6c6173745f726567656e65726174657c693a313635343434313930373b),
('33b80605f1ddef31ce92b54c0efe35cf59144b29', '45.87.9.141', 1654441912, 0x5f5f63695f6c6173745f726567656e65726174657c693a313635343434313931323b),
('8bd33ebe9c8375a58b5ee1bbcfbabb5b74cff262', '45.87.9.15', 1654453145, 0x5f5f63695f6c6173745f726567656e65726174657c693a313635343435333134353b),
('6efe5241c1876ce9e20ebb5771583634c5f58e82', '15.228.18.48', 1654453158, 0x5f5f63695f6c6173745f726567656e65726174657c693a313635343435333135383b),
('82aae5c93900bc566bfd4ff828e8e2d677f9a9d5', '45.87.9.158', 1654463328, 0x5f5f63695f6c6173745f726567656e65726174657c693a313635343436333332383b),
('89f176055c74ba5e44f2e09cc70f45c0328da24e', '52.67.64.84', 1654463334, 0x5f5f63695f6c6173745f726567656e65726174657c693a313635343436333333343b),
('ec1597bf713988da9ef98c0b688ae0fa154969f0', '45.87.9.111', 1654474875, 0x5f5f63695f6c6173745f726567656e65726174657c693a313635343437343837353b),
('108a0ed2fb5256e462753988234bcc174d71a75e', '15.228.54.146', 1654474881, 0x5f5f63695f6c6173745f726567656e65726174657c693a313635343437343838313b),
('42df179c23ed4a3a427359f49f3edc69bbc68eb6', '45.87.9.126', 1654485347, 0x5f5f63695f6c6173745f726567656e65726174657c693a313635343438353334373b),
('17eed1f61ba521718a5378ec1aa18aef2abfea58', '18.230.150.171', 1654485352, 0x5f5f63695f6c6173745f726567656e65726174657c693a313635343438353335323b),
('df04e6120227d05209a9e174f4542f5a366828f1', '45.87.9.205', 1654496143, 0x5f5f63695f6c6173745f726567656e65726174657c693a313635343439363134333b),
('2c76a43871c636697cc8c8b244d35e81e14960c6', '52.67.64.84', 1654496147, 0x5f5f63695f6c6173745f726567656e65726174657c693a313635343439363134373b),
('48752cfd1b28db19adeabfe06330221ff0079c28', '45.87.9.126', 1654506649, 0x5f5f63695f6c6173745f726567656e65726174657c693a313635343530363634393b),
('4d920d92caa024e8867b8bbbf27400bbd64d2a61', '45.87.9.222', 1654506653, 0x5f5f63695f6c6173745f726567656e65726174657c693a313635343530363635333b),
('ce6c0ad9ba9b0ecedc9996fb80774ac91d009151', '54.94.69.196', 1654521325, 0x5f5f63695f6c6173745f726567656e65726174657c693a313635343532313332353b),
('50f25be00e0e0ecdd4dc5577e5108a256683927a', '45.87.9.94', 1654521343, 0x5f5f63695f6c6173745f726567656e65726174657c693a313635343532313334333b),
('78dc5514645c3f9628cb0ebd561b5f20b65f4a37', '54.232.36.247', 1654531717, 0x5f5f63695f6c6173745f726567656e65726174657c693a313635343533313731373b),
('051ca3b99b66a8c02e9b4f37e09afd1509cb5cfa', '45.87.9.15', 1654531722, 0x5f5f63695f6c6173745f726567656e65726174657c693a313635343533313732323b),
('7f8d07bfed90be1991f79523fb8d0d2cac50c5d4', '45.87.9.60', 1654542758, 0x5f5f63695f6c6173745f726567656e65726174657c693a313635343534323735383b),
('fd1a541103684c92998c7ca9f866d08f843d075b', '45.87.9.175', 1654542763, 0x5f5f63695f6c6173745f726567656e65726174657c693a313635343534323736333b),
('6af486e3cac3e6854dd7d00cf298fe03b6613990', '45.87.9.141', 1654553453, 0x5f5f63695f6c6173745f726567656e65726174657c693a313635343535333435333b),
('c102b660eaee7fe024b0b929567e26ebe26ad4a8', '45.87.9.28', 1654553459, 0x5f5f63695f6c6173745f726567656e65726174657c693a313635343535333435393b),
('68ce88555780165ca6374c4bee0ba1e8b32d1a28', '45.87.9.109', 1654564091, 0x5f5f63695f6c6173745f726567656e65726174657c693a313635343536343039313b),
('a5e98397f98fa4d587fcdb74e035eac7f7f88087', '45.87.9.156', 1654564101, 0x5f5f63695f6c6173745f726567656e65726174657c693a313635343536343130313b),
('68281ab7aec87b9090dc38160f38cea5aaabc0eb', '45.87.9.141', 1654575676, 0x5f5f63695f6c6173745f726567656e65726174657c693a313635343537353637363b),
('5e05d70c1e5fa4679125f261f3294b6211600904', '15.228.120.248', 1654578487, 0x5f5f63695f6c6173745f726567656e65726174657c693a313635343537383438373b),
('c56a1e22224d62cf94a138f3ca9199d2afff9a2f', '18.230.77.150', 1654589605, 0x5f5f63695f6c6173745f726567656e65726174657c693a313635343538393630353b),
('25e81d0e6802a2a720c2ac93774cf21eb8be3775', '45.87.9.126', 1654589670, 0x5f5f63695f6c6173745f726567656e65726174657c693a313635343538393637303b),
('b02bb3ae2839bb2f6e3a9f7ce270fd7b07737e8a', '45.87.9.111', 1654589707, 0x5f5f63695f6c6173745f726567656e65726174657c693a313635343538393730373b),
('b1696af417ea4df82ff4d00c2f0fcc6dcdd7dea6', '45.87.9.156', 1654600967, 0x5f5f63695f6c6173745f726567656e65726174657c693a313635343630303936373b),
('73a4ec5dc35a011f8f862ffeb9132b9822a724bd', '45.87.9.252', 1654600977, 0x5f5f63695f6c6173745f726567656e65726174657c693a313635343630303937373b),
('2e600ad0126b0180d2effd5778863b6513f7466a', '45.87.9.220', 1654611147, 0x5f5f63695f6c6173745f726567656e65726174657c693a313635343631313134373b),
('78c015c377cb860c621d9bd1f629478930cee6b0', '45.87.9.141', 1654611155, 0x5f5f63695f6c6173745f726567656e65726174657c693a313635343631313135353b),
('eb0d6e7b3e58d33135b8962d2c6a860ac98e17c4', '45.87.9.141', 1654621775, 0x5f5f63695f6c6173745f726567656e65726174657c693a313635343632313737353b),
('0e6f4757e76dbebca1e2358ca9f4a218c4a27f21', '45.87.9.45', 1654625564, 0x5f5f63695f6c6173745f726567656e65726174657c693a313635343632353536343b),
('5a55180547446ee7b69baac2d1792a90d11bd1c0', '45.87.9.124', 1654636377, 0x5f5f63695f6c6173745f726567656e65726174657c693a313635343633363337373b),
('d122c7d258bba54311826997de4244a3c785bd1f', '45.87.9.190', 1654636432, 0x5f5f63695f6c6173745f726567656e65726174657c693a313635343633363433323b),
('5860e36404a828d7691c4da2e297c4236d6a339e', '45.87.9.92', 1654647019, 0x5f5f63695f6c6173745f726567656e65726174657c693a313635343634373031393b),
('82f76e47843c4e695df2d8011e290fbded7030eb', '45.87.9.15', 1654647041, 0x5f5f63695f6c6173745f726567656e65726174657c693a313635343634373034313b),
('9ff17a9e27cd5824af3f34124a3107c3a07d5a25', '45.87.9.92', 1654657895, 0x5f5f63695f6c6173745f726567656e65726174657c693a313635343635373839353b),
('db1c1f4b7a2f3c4157c02fdb7d27521daf1677e3', '45.87.9.237', 1654657914, 0x5f5f63695f6c6173745f726567656e65726174657c693a313635343635373931343b),
('a138802754141b9b96d2e599d60c98095c5ec472', '45.87.9.13', 1654672151, 0x5f5f63695f6c6173745f726567656e65726174657c693a313635343637323135313b),
('7a57a20d66ef81848a4939f4fd7fd7f8a418079e', '45.87.9.77', 1654672169, 0x5f5f63695f6c6173745f726567656e65726174657c693a313635343637323136393b),
('ff4b69cda77866ca66998364bd358ffa820138a3', '15.228.244.209', 1654683097, 0x5f5f63695f6c6173745f726567656e65726174657c693a313635343638333039373b),
('db0c4a3b7dfdb88e545f8ff84f75b29ddb24bc3b', '45.87.9.158', 1654683110, 0x5f5f63695f6c6173745f726567656e65726174657c693a313635343638333131303b),
('886963f2aa91a8f0e5279b6ce16254109c7d2c27', '45.87.9.111', 1654683113, 0x5f5f63695f6c6173745f726567656e65726174657c693a313635343638333131333b),
('c98664c809d1efd69530f74cd37bc221645919b2', '15.228.215.126', 1654693671, 0x5f5f63695f6c6173745f726567656e65726174657c693a313635343639333637313b),
('45adf1da78b784da9812cad4d4f256a6d9068ef9', '45.87.9.77', 1654693687, 0x5f5f63695f6c6173745f726567656e65726174657c693a313635343639333638373b),
('e5f74b68eb6e870f8144d95c5c51d3d3ca493414', '15.228.75.17', 1654708739, 0x5f5f63695f6c6173745f726567656e65726174657c693a313635343730383733393b),
('5d0161be08af93c32f6d41a6723fde967d9d27fa', '45.87.9.77', 1654708764, 0x5f5f63695f6c6173745f726567656e65726174657c693a313635343730383736343b),
('87ef16fdbc732915b15a8998af4f4cb6b80c13f6', '18.230.191.83', 1654719053, 0x5f5f63695f6c6173745f726567656e65726174657c693a313635343731393035333b),
('6070245ac1ba23b0bd7207ff511d005618618c89', '45.87.9.60', 1654719067, 0x5f5f63695f6c6173745f726567656e65726174657c693a313635343731393036373b),
('f245a3a3e22734c79c5ad97b35c799ba3797d090', '45.87.9.126', 1654729965, 0x5f5f63695f6c6173745f726567656e65726174657c693a313635343732393936353b),
('605d902bc5330889cb458721ed3340a02b372b3e', '45.87.9.237', 1654729981, 0x5f5f63695f6c6173745f726567656e65726174657c693a313635343732393938313b),
('9ab338127b1587e8e127514f301522081ad18358', '45.87.9.237', 1654744101, 0x5f5f63695f6c6173745f726567656e65726174657c693a313635343734343130313b),
('38af8f242fe73c15859eadd1cfd078f2df218fdb', '45.87.9.143', 1654744114, 0x5f5f63695f6c6173745f726567656e65726174657c693a313635343734343131343b),
('594f137f682380bbc3fff8154c4da2c05ce5a819', '68.36.194.212', 1654752097, 0x5f5f63695f6c6173745f726567656e65726174657c693a313635343735323039363b),
('ac7550b0ca4389162ef000229fc7d2a333c7b843', '45.87.9.111', 1654754878, 0x5f5f63695f6c6173745f726567656e65726174657c693a313635343735343837383b),
('4987ed25a358b7dd335706353b80f790fbf62d32', '45.87.9.252', 1654754892, 0x5f5f63695f6c6173745f726567656e65726174657c693a313635343735343839323b),
('396da833415b7dcf2ecfd1f26ee77f913fa3ff3a', '45.87.9.158', 1654769167, 0x5f5f63695f6c6173745f726567656e65726174657c693a313635343736393136373b),
('615dca80735d653b0bd78c4fee4af7d03f870d68', '18.231.129.254', 1654769185, 0x5f5f63695f6c6173745f726567656e65726174657c693a313635343736393138353b),
('15de8de7bc2e2197c4edf118785242b2f1e179bf', '45.87.9.173', 1654769259, 0x5f5f63695f6c6173745f726567656e65726174657c693a313635343736393235393b),
('059c74f697299b3556aec27131d9ade5a31b0179', '45.87.9.190', 1654780472, 0x5f5f63695f6c6173745f726567656e65726174657c693a313635343738303437323b),
('358688a487640d2a1e8d089a421daa1f5e76c529', '45.87.9.141', 1654780484, 0x5f5f63695f6c6173745f726567656e65726174657c693a313635343738303438343b),
('4e1ec4cdf7c528f07c70688fc78dcef5747b1eca', '45.87.9.111', 1654790862, 0x5f5f63695f6c6173745f726567656e65726174657c693a313635343739303836323b),
('b56e39ac942b58ffeb0c2daf01bb1fccf54657a0', '68.36.194.212', 1654793573, 0x5f5f63695f6c6173745f726567656e65726174657c693a313635343739333537333b),
('3f0e8da8fcc379adf31ccb4e1c92fbdcc6066a90', '18.231.189.45', 1654794602, 0x5f5f63695f6c6173745f726567656e65726174657c693a313635343739343630323b),
('906a1c9f60718d40a34b14acdef5efe637a269e6', '45.87.9.175', 1654805613, 0x5f5f63695f6c6173745f726567656e65726174657c693a313635343830353631333b),
('391b4ef25c8141e4a3a14059598cdc3d3277e7b2', '45.87.9.13', 1654805627, 0x5f5f63695f6c6173745f726567656e65726174657c693a313635343830353632373b),
('2a05a2179e996e858cafe5c7161e0dbc962c1c4d', '45.87.9.205', 1654805692, 0x5f5f63695f6c6173745f726567656e65726174657c693a313635343830353639323b),
('e4e519591bc184018ccb7a3364df617584e92389', '45.87.9.207', 1654820157, 0x5f5f63695f6c6173745f726567656e65726174657c693a313635343832303135373b),
('88a75a470cdf07fca3667a348ea8dd9cdd0533ce', '45.87.9.60', 1654820169, 0x5f5f63695f6c6173745f726567656e65726174657c693a313635343832303136393b),
('346a4b73ec1ee41f6c750f3c1d45a00a897e3d80', '68.36.194.212', 1654827734, 0x5f5f63695f6c6173745f726567656e65726174657c693a313635343832373733333b),
('e129455354bb700d96148a4cd5a522be3950bf72', '45.87.9.237', 1654830933, 0x5f5f63695f6c6173745f726567656e65726174657c693a313635343833303933333b),
('f81ac1104beece2b2cd28677e12313eb0e567dac', '45.87.9.173', 1654830945, 0x5f5f63695f6c6173745f726567656e65726174657c693a313635343833303934353b),
('219ac33ee97079aee1dc86addecb3ed678de3da2', '15.229.26.206', 1654844667, 0x5f5f63695f6c6173745f726567656e65726174657c693a313635343834343636373b),
('113e35edeb5a2927096e13917d6023cbcccc80bc', '45.87.9.13', 1654844680, 0x5f5f63695f6c6173745f726567656e65726174657c693a313635343834343638303b),
('9a8d9fe6cffe6c12e8f3f9d3653205a4ca1716e4', '205.210.31.28', 1654852069, 0x5f5f63695f6c6173745f726567656e65726174657c693a313635343835323036393b),
('facb5d78d95efa9866b260c14cbae723b9234b10', '45.87.9.158', 1654859558, 0x5f5f63695f6c6173745f726567656e65726174657c693a313635343835393535383b),
('aa22fae7d04d3b1f5a57d78fb6aa47110310e638', '52.67.174.214', 1654859572, 0x5f5f63695f6c6173745f726567656e65726174657c693a313635343835393537323b),
('f3cc9ac4f5a9488a4d6bc77f58c21527f09315b9', '15.229.26.206', 1654870636, 0x5f5f63695f6c6173745f726567656e65726174657c693a313635343837303633363b),
('e0b327e848414fbab35d28675cc1623e13df80df', '45.87.9.220', 1654870649, 0x5f5f63695f6c6173745f726567656e65726174657c693a313635343837303634393b),
('c66615e08631125611060b37bb5758c3854b2a9f', '68.36.194.212', 1654874232, 0x5f5f63695f6c6173745f726567656e65726174657c693a313635343837343033393b),
('f112e0a7059da25dae83746e65eb2dc6d6e4fa0d', '45.87.9.92', 1654884896, 0x5f5f63695f6c6173745f726567656e65726174657c693a313635343838343839353b),
('ffef53fbd1f3c9d8744d1688d36f055d50284bf3', '45.87.9.207', 1654884911, 0x5f5f63695f6c6173745f726567656e65726174657c693a313635343838343931313b);

-- --------------------------------------------------------

--
-- Table structure for table `config`
--

CREATE TABLE `config` (
  `config_id` int(11) NOT NULL,
  `title` longtext COLLATE utf8mb4_unicode_520_ci NOT NULL,
  `value` longtext COLLATE utf8mb4_unicode_520_ci NOT NULL
) ENGINE=MyISAM DEFAULT CHARSET=utf8mb4 COLLATE=utf8mb4_unicode_520_ci;

--
-- Dumping data for table `config`
--

INSERT INTO `config` (`config_id`, `title`, `value`) VALUES
(49, 'app_name', 'TelezecareMD'),
(50, 'version', '1.0.8'),
(51, 'app_mode', 'free'),
(52, 'app_mandatory_login', 'false'),
(53, 'purchase_code', 'Nulled By NullJungle.com'),
(54, 'business_address', 'business_address'),
(55, 'business_phone', ''),
(56, 'system_email', 'info@telezecaremd.com'),
(57, 'contact_email', 'info@telezecaremd.com'),
(58, 'privacy_policy_text', '<p>Privacy policy text goes here.</p>'),
(59, 'jitsi_server', 'https://appmeet.telezecaremd.com/'),
(60, 'system_short_name', 'system_short_name'),
(61, 'site_name', 'site_name'),
(62, 'protocol', 'smtp'),
(63, 'smtp_host', 'ssl://smtp.gmail.com'),
(64, 'smtp_user', 'info@telezecaremd.com'),
(65, 'smtp_pass', 'Q5*i~W5^Ws)_'),
(66, 'smtp_port', '465'),
(67, 'smtp_crypto', 'ssl'),
(68, 'mailpath', 'mailpath'),
(69, 'onesignal_api_keys', 'xxxxxxxxxxxxx'),
(70, 'onesignal_appid', 'xxxxxxxxxxx'),
(71, 'mobile_ads_enable', '0'),
(72, 'mobile_ads_network', 'admob'),
(73, 'admob_publisher_id', 'admob_publisher_id'),
(74, 'admob_app_id', 'admob_app_id'),
(75, 'admob_banner_ads_id', 'admob_banner_ads_id'),
(76, 'admob_interstitial_ads_id', 'admob_interstitial_ads_id'),
(77, 'meeting_prefix', 'TMD'),
(78, 'allow_unauthorized_meeting_code', 'true'),
(79, 'backdrop_image', 'logow.png'),
(80, 'addthis_enable', 'true'),
(81, 'addthis_pubid', 'ra-58d74b9dcfd76af7'),
(82, 'logo', 'logo_61c32831ca0a9.png'),
(83, 'favicon', 'favicon_61c32831ca742.png'),
(84, 'og_image', 'logow.png'),
(85, 'cron_key', 'cron_key'),
(86, 'db_backup', 'db_backup'),
(87, 'fan_native_ads_placement_id', 'fan_native_ads_placement_id'),
(88, 'fan_banner_ads_placement_id', 'fan_banner_ads_placement_id'),
(89, 'fan_interstitial_ads_placement_id', 'fan_interstitial_ads_placement_id'),
(90, 'startapp_app_id', 'startapp_app_id');

-- --------------------------------------------------------

--
-- Table structure for table `cron`
--

CREATE TABLE `cron` (
  `cron_id` int(11) NOT NULL,
  `type` varchar(250) COLLATE utf8mb4_unicode_520_ci NOT NULL,
  `action` varchar(250) COLLATE utf8mb4_unicode_520_ci NOT NULL,
  `image_url` longtext COLLATE utf8mb4_unicode_520_ci NOT NULL,
  `save_to` varchar(250) COLLATE utf8mb4_unicode_520_ci DEFAULT NULL,
  `videos_id` int(250) DEFAULT NULL,
  `admin_email_from` varchar(250) COLLATE utf8mb4_unicode_520_ci DEFAULT NULL,
  `admin_email` varchar(250) COLLATE utf8mb4_unicode_520_ci DEFAULT NULL,
  `email_to` varchar(250) COLLATE utf8mb4_unicode_520_ci DEFAULT NULL,
  `email_sub` varchar(250) COLLATE utf8mb4_unicode_520_ci DEFAULT NULL,
  `message` longtext COLLATE utf8mb4_unicode_520_ci DEFAULT NULL
) ENGINE=MyISAM DEFAULT CHARSET=utf8mb4 COLLATE=utf8mb4_unicode_520_ci;

-- --------------------------------------------------------

--
-- Table structure for table `joinmeet`
--

CREATE TABLE `joinmeet` (
  `id` int(11) NOT NULL,
  `meeting` varchar(250) DEFAULT NULL,
  `user_id` int(11) NOT NULL,
  `created_at` datetime NOT NULL DEFAULT current_timestamp()
) ENGINE=InnoDB DEFAULT CHARSET=latin1;

-- --------------------------------------------------------

--
-- Table structure for table `keys`
--

CREATE TABLE `keys` (
  `id` int(11) NOT NULL,
  `label` varchar(250) COLLATE utf8mb4_unicode_520_ci DEFAULT 'System',
  `key` varchar(40) COLLATE utf8mb4_unicode_520_ci NOT NULL,
  `level` int(2) NOT NULL,
  `ignore_limits` tinyint(1) NOT NULL DEFAULT 0,
  `is_private_key` tinyint(1) NOT NULL DEFAULT 0,
  `ip_addresses` mediumtext COLLATE utf8mb4_unicode_520_ci DEFAULT NULL,
  `date_created` int(11) NOT NULL
) ENGINE=InnoDB DEFAULT CHARSET=utf8mb4 COLLATE=utf8mb4_unicode_520_ci;

--
-- Dumping data for table `keys`
--

INSERT INTO `keys` (`id`, `label`, `key`, `level`, `ignore_limits`, `is_private_key`, `ip_addresses`, `date_created`) VALUES
(1, 'Admin', 'qmslax6d1mzurbfbq26gl6k3', 1, 0, 0, NULL, 1584340674);

-- --------------------------------------------------------

--
-- Table structure for table `logs`
--

CREATE TABLE `logs` (
  `id` int(11) NOT NULL,
  `uri` varchar(255) COLLATE utf8mb4_unicode_520_ci NOT NULL,
  `method` varchar(6) COLLATE utf8mb4_unicode_520_ci NOT NULL,
  `params` mediumtext COLLATE utf8mb4_unicode_520_ci DEFAULT NULL,
  `api_key` varchar(40) COLLATE utf8mb4_unicode_520_ci NOT NULL,
  `ip_address` varchar(45) COLLATE utf8mb4_unicode_520_ci NOT NULL,
  `time` int(11) NOT NULL,
  `rtime` float DEFAULT NULL,
  `authorized` varchar(1) COLLATE utf8mb4_unicode_520_ci NOT NULL,
  `response_code` smallint(3) DEFAULT 0
) ENGINE=InnoDB DEFAULT CHARSET=utf8mb4 COLLATE=utf8mb4_unicode_520_ci;

-- --------------------------------------------------------

--
-- Table structure for table `meeting`
--

CREATE TABLE `meeting` (
  `meeting_id` int(11) NOT NULL,
  `meeting_title` varchar(250) DEFAULT NULL,
  `meeting_code` varchar(250) NOT NULL,
  `is_opened` varchar(255) DEFAULT NULL,
  `scheduled_at` datetime DEFAULT NULL,
  `user_id` int(11) NOT NULL DEFAULT 0,
  `created_at` datetime NOT NULL DEFAULT current_timestamp(),
  `remarks` text DEFAULT NULL,
  `set_timezone` varchar(500) DEFAULT NULL,
  `for_web` varchar(500) DEFAULT NULL
) ENGINE=MyISAM DEFAULT CHARSET=latin1;

--
-- Dumping data for table `meeting`
--

INSERT INTO `meeting` (`meeting_id`, `meeting_title`, `meeting_code`, `is_opened`, `scheduled_at`, `user_id`, `created_at`, `remarks`, `set_timezone`, `for_web`) VALUES
(1, 'Untitled', 'TMDxLxZvjyrbh', NULL, NULL, 89, '2022-06-01 23:06:20', NULL, NULL, NULL),
(2, 'asd', 'TMDxLxZvjyrbh', NULL, NULL, 89, '2022-06-09 11:21:36', NULL, NULL, NULL),
(3, 'asd', 'TMDWnDiAXNQ9a', 'false', '2022-06-09 03:24:00', 89, '2022-06-09 05:22:05', NULL, 'America/Caracas ( -04:00)', 'America/Caracas'),
(4, 'BSDvs', 'TMD6EjxjfvDf4', NULL, NULL, 92, '2022-06-09 22:52:53', NULL, NULL, NULL),
(5, 'afsd', 'TMDKE00vLq3EE', 'false', '2022-06-16 15:54:00', 92, '2022-06-09 16:54:52', NULL, 'America/Caracas ( -04:00)', 'America/Caracas'),
(6, 'Untitled', 'TMD6EjxjfvDf4', NULL, NULL, 92, '2022-06-10 08:22:13', NULL, NULL, NULL),
(7, 'Untitled', 'TMD6EjxjfvDf4', NULL, NULL, 92, '2022-06-10 21:13:59', NULL, NULL, NULL),
(8, 'Untitled', 'TMD6EjxjfvDf4', NULL, NULL, 92, '2022-06-10 21:16:11', NULL, NULL, NULL),
(9, 'Untitled', 'TMD6EjxjfvDf4', NULL, NULL, 92, '2022-06-10 21:16:51', NULL, NULL, NULL);

-- --------------------------------------------------------

--
-- Table structure for table `meeting_history`
--

CREATE TABLE `meeting_history` (
  `meeting_history_id` int(11) NOT NULL,
  `meeting_code` varchar(250) NOT NULL,
  `nick_name` varchar(250) DEFAULT 'No-name',
  `user_id` int(11) NOT NULL DEFAULT 0,
  `joined_at` datetime NOT NULL DEFAULT current_timestamp(),
  `remarks` text DEFAULT NULL
) ENGINE=MyISAM DEFAULT CHARSET=latin1;

--
-- Dumping data for table `meeting_history`
--

INSERT INTO `meeting_history` (`meeting_history_id`, `meeting_code`, `nick_name`, `user_id`, `joined_at`, `remarks`) VALUES
(1, 'TMDxLxZvjyrbh', 'No-name', 89, '2022-06-01 23:06:20', NULL),
(2, 'TMDxLxZvjyrbh', 'No-name', 0, '2022-06-01 23:06:20', NULL),
(3, 'TMD06QFAqxLqm', 'No-name', 0, '2022-06-02 00:43:28', NULL),
(4, 'TMDxzIOFMvse', 'No-name', 0, '2022-06-02 11:36:47', NULL),
(5, 'TMDxLxZvjyrbh', 'No-name', 89, '2022-06-09 11:21:36', NULL),
(6, 'TMDxLxZvjyrbh', 'No-name', 0, '2022-06-09 11:21:37', NULL),
(7, 'TMD6EjxjfvDf4', 'No-name', 92, '2022-06-09 22:52:53', NULL),
(8, 'TMD6EjxjfvDf4', 'No-name', 0, '2022-06-09 22:52:53', NULL),
(9, 'TMD6EjxjfvDf4', 'No-name', 92, '2022-06-10 08:22:13', NULL),
(10, 'TMD6EjxjfvDf4', 'No-name', 0, '2022-06-10 08:22:14', NULL),
(11, 'TMD6EjxjfvDf4', 'No-name', 92, '2022-06-10 21:13:59', NULL),
(12, 'TMD6EjxjfvDf4', 'No-name', 0, '2022-06-10 21:13:59', NULL),
(13, 'TMD6EjxjfvDf4', 'No-name', 92, '2022-06-10 21:16:11', NULL),
(14, 'TMD6EjxjfvDf4', 'No-name', 0, '2022-06-10 21:16:11', NULL),
(15, 'TMD6EjxjfvDf4', 'No-name', 92, '2022-06-10 21:16:51', NULL),
(16, 'TMD6EjxjfvDf4', 'No-name', 0, '2022-06-10 21:16:51', NULL);

-- --------------------------------------------------------

--
-- Table structure for table `newsletters`
--

CREATE TABLE `newsletters` (
  `id` int(11) NOT NULL,
  `email` varchar(250) NOT NULL,
  `created_at` datetime NOT NULL DEFAULT current_timestamp()
) ENGINE=InnoDB DEFAULT CHARSET=latin1;

--
-- Dumping data for table `newsletters`
--

INSERT INTO `newsletters` (`id`, `email`, `created_at`) VALUES
(1, 'laxmi309yadav@gmail.com', '2022-05-30 17:34:55');

-- --------------------------------------------------------

--
-- Table structure for table `rest_logins`
--

CREATE TABLE `rest_logins` (
  `id` int(11) NOT NULL,
  `username` varchar(250) COLLATE utf8mb4_unicode_520_ci NOT NULL,
  `password` varchar(250) CHARACTER SET utf8 COLLATE utf8_unicode_ci NOT NULL,
  `status` int(11) NOT NULL DEFAULT 1
) ENGINE=MyISAM DEFAULT CHARSET=utf8mb4 COLLATE=utf8mb4_unicode_520_ci;

--
-- Dumping data for table `rest_logins`
--

INSERT INTO `rest_logins` (`id`, `username`, `password`, `status`) VALUES
(1, 'admin', 'rest_user_password', 1);

-- --------------------------------------------------------

--
-- Table structure for table `user`
--

CREATE TABLE `user` (
  `user_id` int(11) NOT NULL,
  `name` longtext COLLATE utf8mb4_unicode_520_ci DEFAULT NULL,
  `email` longtext COLLATE utf8mb4_unicode_520_ci NOT NULL,
  `password` longtext COLLATE utf8mb4_unicode_520_ci NOT NULL,
  `gender` varchar(20) COLLATE utf8mb4_unicode_520_ci DEFAULT '1',
  `role` varchar(100) COLLATE utf8mb4_unicode_520_ci DEFAULT NULL,
  `token` mediumtext COLLATE utf8mb4_unicode_520_ci DEFAULT NULL,
  `join_date` datetime DEFAULT NULL,
  `last_login` datetime DEFAULT NULL,
  `deactivate_reason` mediumtext COLLATE utf8mb4_unicode_520_ci DEFAULT NULL,
  `status` int(10) NOT NULL DEFAULT 1,
  `phone` varchar(250) COLLATE utf8mb4_unicode_520_ci DEFAULT NULL,
  `dob` date DEFAULT '0000-00-00',
  `meeting_code` varchar(250) COLLATE utf8mb4_unicode_520_ci NOT NULL,
  `firebase_auth_uid` varchar(250) COLLATE utf8mb4_unicode_520_ci DEFAULT NULL,
  `login_status` varchar(20) COLLATE utf8mb4_unicode_520_ci DEFAULT NULL,
  `admin_verifcation` varchar(25) COLLATE utf8mb4_unicode_520_ci DEFAULT NULL,
  `is_corporate` int(11) NOT NULL DEFAULT 0,
  `profile` varchar(250) COLLATE utf8mb4_unicode_520_ci DEFAULT NULL,
  `created_at` datetime NOT NULL DEFAULT current_timestamp()
) ENGINE=InnoDB DEFAULT CHARSET=utf8mb4 COLLATE=utf8mb4_unicode_520_ci;

--
-- Dumping data for table `user`
--

INSERT INTO `user` (`user_id`, `name`, `email`, `password`, `gender`, `role`, `token`, `join_date`, `last_login`, `deactivate_reason`, `status`, `phone`, `dob`, `meeting_code`, `firebase_auth_uid`, `login_status`, `admin_verifcation`, `is_corporate`, `profile`, `created_at`) VALUES
(1, 'Telezecare', 'telezecaremd@gmail.com', 'fcea920f7412b5da7be0cf42b8c93759', '1', 'admin', NULL, '2022-04-06 11:02:45', '2022-05-30 21:57:46', NULL, 1, NULL, '0000-00-00', 'TMDaGBKj5sIj9', NULL, NULL, NULL, 0, NULL, '2022-05-31 13:35:19'),
(87, 'info', 'info@codedaddy.in', 'fcea920f7412b5da7be0cf42b8c93759', '1', NULL, NULL, NULL, NULL, NULL, 1, NULL, '0000-00-00', 'TMDmVUs9esph1', NULL, 'disapproved', 'corporate_disapproved', 1, NULL, '2022-05-31 13:35:19'),
(88, 'Anant Tiwari', 'ananttiwari613@gmail.com', 'd8578edf8458ce06fbc5bb76a58c5ca4', '1', NULL, NULL, NULL, NULL, NULL, 1, NULL, '0000-00-00', 'TMDifuUxN3w5O', NULL, 'approved', NULL, 0, NULL, '2022-05-31 15:54:32'),
(89, 'Piyush Singh', 'piyush2197@gmail.com', '', '1', NULL, NULL, NULL, NULL, NULL, 1, NULL, '0000-00-00', 'TMDxLxZvjyrbh', NULL, NULL, NULL, 0, NULL, '2022-06-01 17:06:15'),
(90, 'Aadarsh', 'aadarshkavita@gmail.com', 'd8578edf8458ce06fbc5bb76a58c5ca4', '1', NULL, NULL, NULL, NULL, NULL, 1, NULL, '0000-00-00', 'TMDiJAjFha8rO', NULL, NULL, NULL, 0, NULL, '2022-06-02 09:47:29'),
(91, 'Swarna', 'swarnatiwari394@gmail.com', '883391ff098338096bc0bcddd76ba83e', '1', NULL, NULL, NULL, NULL, NULL, 1, NULL, '0000-00-00', 'TMDVk0Gl1ARgE', NULL, NULL, NULL, 0, NULL, '2022-06-02 10:18:39'),
(92, 'Aniket Bagaitkar', 'aniketbaggy123@gmail.com', '', '1', NULL, NULL, NULL, NULL, NULL, 1, NULL, '0000-00-00', 'TMD6EjxjfvDf4', NULL, NULL, NULL, 0, NULL, '2022-06-09 16:52:44');

--
-- Indexes for dumped tables
--

--
-- Indexes for table `ci_sessions`
--
ALTER TABLE `ci_sessions`
  ADD KEY `ci_sessions_timestamp` (`timestamp`);

--
-- Indexes for table `config`
--
ALTER TABLE `config`
  ADD PRIMARY KEY (`config_id`);

--
-- Indexes for table `cron`
--
ALTER TABLE `cron`
  ADD PRIMARY KEY (`cron_id`);

--
-- Indexes for table `joinmeet`
--
ALTER TABLE `joinmeet`
  ADD PRIMARY KEY (`id`);

--
-- Indexes for table `keys`
--
ALTER TABLE `keys`
  ADD PRIMARY KEY (`id`);

--
-- Indexes for table `meeting`
--
ALTER TABLE `meeting`
  ADD PRIMARY KEY (`meeting_id`);

--
-- Indexes for table `meeting_history`
--
ALTER TABLE `meeting_history`
  ADD PRIMARY KEY (`meeting_history_id`);

--
-- Indexes for table `newsletters`
--
ALTER TABLE `newsletters`
  ADD PRIMARY KEY (`id`);

--
-- Indexes for table `rest_logins`
--
ALTER TABLE `rest_logins`
  ADD PRIMARY KEY (`id`);

--
-- Indexes for table `user`
--
ALTER TABLE `user`
  ADD PRIMARY KEY (`user_id`);

--
-- AUTO_INCREMENT for dumped tables
--

--
-- AUTO_INCREMENT for table `config`
--
ALTER TABLE `config`
  MODIFY `config_id` int(11) NOT NULL AUTO_INCREMENT, AUTO_INCREMENT=91;

--
-- AUTO_INCREMENT for table `cron`
--
ALTER TABLE `cron`
  MODIFY `cron_id` int(11) NOT NULL AUTO_INCREMENT;

--
-- AUTO_INCREMENT for table `joinmeet`
--
ALTER TABLE `joinmeet`
  MODIFY `id` int(11) NOT NULL AUTO_INCREMENT;

--
-- AUTO_INCREMENT for table `keys`
--
ALTER TABLE `keys`
  MODIFY `id` int(11) NOT NULL AUTO_INCREMENT, AUTO_INCREMENT=2;

--
-- AUTO_INCREMENT for table `meeting`
--
ALTER TABLE `meeting`
  MODIFY `meeting_id` int(11) NOT NULL AUTO_INCREMENT, AUTO_INCREMENT=10;

--
-- AUTO_INCREMENT for table `meeting_history`
--
ALTER TABLE `meeting_history`
  MODIFY `meeting_history_id` int(11) NOT NULL AUTO_INCREMENT, AUTO_INCREMENT=17;

--
-- AUTO_INCREMENT for table `newsletters`
--
ALTER TABLE `newsletters`
  MODIFY `id` int(11) NOT NULL AUTO_INCREMENT, AUTO_INCREMENT=2;

--
-- AUTO_INCREMENT for table `rest_logins`
--
ALTER TABLE `rest_logins`
  MODIFY `id` int(11) NOT NULL AUTO_INCREMENT, AUTO_INCREMENT=2;

--
-- AUTO_INCREMENT for table `user`
--
ALTER TABLE `user`
  MODIFY `user_id` int(11) NOT NULL AUTO_INCREMENT, AUTO_INCREMENT=93;
COMMIT;

/*!40101 SET CHARACTER_SET_CLIENT=@OLD_CHARACTER_SET_CLIENT */;
/*!40101 SET CHARACTER_SET_RESULTS=@OLD_CHARACTER_SET_RESULTS */;
/*!40101 SET COLLATION_CONNECTION=@OLD_COLLATION_CONNECTION */;
